{
  "columns": [
    "BPOS",
    "DBTM",
    "FLWI",
    "HDTH",
    "HKLD",
    "ROP",
    "RPM",
    "SPPA",
    "WOB"
  ],
  "mean": {
    "BPOS": 21.950811456836384,
    "DBTM": 1672.6214369618851,
    "FLWI": 1306.3803889385474,
    "HDTH": 2628.1817547236615,
    "HKLD": 106.03583007835331,
    "ROP": 53.47807595166078,
    "RPM": 58.84765996799996,
    "SPPA": 8408.570902831516,
    "WOB": 1.819063227309609
  },
  "std": {
    "BPOS": 14.59936238978955,
    "DBTM": 1418.7841459555625,
    "FLWI": 3185.930800737719,
    "HDTH": 1177.7511674472923,
    "HKLD": 36.9556620365939,
    "ROP": 1045.9114205958892,
    "RPM": 75.27120571396775,
    "SPPA": 9793.734554025255,
    "WOB": 5.262869227893926
  },
  "config": {
    "samplesUsed": 4000,
    "builtAt": "2026-06-25T06:40:09.176Z"
  }
}